production_id,product_id,factory_id,production_date,planned_quantity,actual_quantity,production_status,defect_rate
PO00001,PROD0073,FAC0004,2025-02-10,35642,33472,Completed,0.018
PO00002,PROD0073,FAC0005,2025-11-26,8846,9072,Completed,0.043
PO00003,PROD0049,FAC0003,2026-01-21,21757,23734,Completed,0.004
PO00004,PROD0019,FAC0005,2025-07-14,44639,42737,Completed,0.036
PO00005,PROD0005,FAC0002,2025-08-30,19109,18671,Delayed,0.042
PO00006,PROD0001,FAC0003,2025-01-03,33534,33327,Delayed,0.006
PO00007,PROD0098,FAC0002,2024-12-15,11204,11257,In Progress,0.021
PO00008,PROD0079,FAC0004,2025-05-14,41944,39442,In Progress,0.003
PO00009,PROD0027,FAC0001,2025-05-02,41629,38103,In Progress,0.036
PO00010,PROD0062,FAC0005,2026-01-12,30443,28119,Delayed,0.007
PO00011,PROD0039,FAC0003,2026-03-11,39688,37304,Delayed,0.019
PO00012,PROD0069,FAC0004,2025-11-22,35364,37962,Completed,0.034
PO00013,PROD0044,FAC0001,2024-08-17,41408,43829,Completed,0.043
PO00014,PROD0070,FAC0001,2025-09-22,49228,48431,Completed,0.025
PO00015,PROD0070,FAC0001,2025-12-05,34470,31738,Completed,0.007
PO00016,PROD0063,FAC0001,2025-09-24,9444,8741,Delayed,0.03
PO00017,PROD0093,FAC0002,2025-01-22,31154,28816,Completed,0.02
PO00018,PROD0032,FAC0004,2024-07-16,31837,32085,Completed,0.032
PO00019,PROD0010,FAC0003,2024-10-24,13168,13509,Completed,0.002
PO00020,PROD0081,FAC0004,2026-04-18,17676,18730,Completed,0.019
PO00021,PROD0090,FAC0004,2026-01-05,45447,41071,In Progress,0.022
PO00022,PROD0079,FAC0004,2025-12-13,23489,23800,Completed,0.039
PO00023,PROD0041,FAC0003,2025-01-22,37739,39429,Delayed,0.026
PO00024,PROD0013,FAC0005,2026-05-26,43237,41265,Completed,0.004
PO00025,PROD0004,FAC0001,2025-03-08,17029,17899,In Progress,0.004
PO00026,PROD0061,FAC0005,2024-08-22,25852,24250,Delayed,0.025
PO00027,PROD0064,FAC0002,2026-01-28,6052,6473,Delayed,0.033
PO00028,PROD0003,FAC0004,2025-09-01,9587,8764,Completed,0.008
PO00029,PROD0011,FAC0004,2026-06-12,48466,50859,In Progress,0.028
PO00030,PROD0099,FAC0002,2025-08-08,6619,6641,Delayed,0.043
PO00031,PROD0050,FAC0002,2024-10-02,42259,38232,In Progress,0.044
PO00032,PROD0100,FAC0004,2026-05-10,45262,48161,Completed,0.028
PO00033,PROD0034,FAC0002,2026-06-25,9153,9952,Completed,0.045
PO00034,PROD0079,FAC0004,2025-04-14,29384,27162,Completed,0.03
PO00035,PROD0005,FAC0002,2024-12-20,37771,39341,In Progress,0.01
PO00036,PROD0096,FAC0003,2025-06-24,43844,47677,In Progress,0.02
PO00037,PROD0039,FAC0004,2025-01-07,25283,25172,In Progress,0.022
PO00038,PROD0074,FAC0005,2025-01-15,17977,19291,Completed,0.007
PO00039,PROD0002,FAC0005,2025-02-07,13179,13274,In Progress,0.019
PO00040,PROD0008,FAC0002,2025-12-13,45574,44198,In Progress,0.001
PO00041,PROD0060,FAC0003,2025-03-29,31691,31086,Delayed,0.035
PO00042,PROD0025,FAC0004,2024-09-21,48830,46883,Completed,0.036
PO00043,PROD0080,FAC0001,2025-07-29,6245,5919,Completed,0.01
PO00044,PROD0023,FAC0001,2024-12-23,23405,21828,Completed,0.025
PO00045,PROD0023,FAC0003,2024-08-27,12738,12689,Completed,0.036
PO00046,PROD0047,FAC0004,2025-07-20,20463,20112,Completed,0.047
PO00047,PROD0062,FAC0001,2025-07-29,21375,19661,Completed,0.023
PO00048,PROD0080,FAC0002,2025-08-22,14729,14969,Delayed,0.004
PO00049,PROD0099,FAC0004,2025-02-08,45112,45867,Completed,0.048
PO00050,PROD0092,FAC0004,2026-03-27,27323,26962,Delayed,0.002
PO00051,PROD0031,FAC0005,2025-07-05,8223,8288,Completed,0.049
PO00052,PROD0038,FAC0004,2025-09-04,31620,32054,Delayed,0.036
PO00053,PROD0081,FAC0003,2026-01-13,18824,20412,In Progress,0.012
PO00054,PROD0067,FAC0005,2024-07-14,37944,36424,Completed,0.003
PO00055,PROD0024,FAC0003,2025-05-31,25638,27229,Completed,0.041
PO00056,PROD0020,FAC0004,2025-08-03,15376,15555,In Progress,0.032
PO00057,PROD0052,FAC0003,2025-02-20,16379,14891,Delayed,0.006
PO00058,PROD0017,FAC0005,2025-11-03,45987,43172,Delayed,0.043
PO00059,PROD0075,FAC0005,2026-04-20,19154,18927,Completed,0.036
PO00060,PROD0035,FAC0002,2025-10-04,24181,23520,Completed,0.047
PO00061,PROD0019,FAC0001,2024-08-13,40623,43297,In Progress,0.001
PO00062,PROD0013,FAC0004,2025-01-05,46848,50619,Completed,0.026
PO00063,PROD0015,FAC0001,2025-07-26,26360,24125,In Progress,0.018
PO00064,PROD0031,FAC0002,2025-06-02,32950,31186,Completed,0.012
PO00065,PROD0042,FAC0003,2026-03-16,49645,47359,Delayed,0.022
PO00066,PROD0078,FAC0004,2025-08-12,7574,7664,Completed,0.042
PO00067,PROD0082,FAC0003,2025-06-21,32311,34735,Completed,0.043
PO00068,PROD0096,FAC0002,2026-06-28,6287,6632,In Progress,0.035
PO00069,PROD0091,FAC0001,2024-07-19,22567,23383,In Progress,0.034
PO00070,PROD0057,FAC0002,2025-04-09,43678,46317,In Progress,0.008
PO00071,PROD0040,FAC0005,2024-11-17,10090,9374,Completed,0.047
PO00072,PROD0092,FAC0004,2025-07-07,37860,41557,In Progress,0.02
PO00073,PROD0099,FAC0005,2024-08-04,21056,21789,Delayed,0.049
PO00074,PROD0019,FAC0003,2024-11-10,40426,44204,Delayed,0.016
PO00075,PROD0048,FAC0003,2026-02-08,23142,20833,Delayed,0.035
PO00076,PROD0067,FAC0003,2024-09-26,38060,40921,Delayed,0.044
PO00077,PROD0018,FAC0003,2026-06-05,34232,33686,Completed,0.025
PO00078,PROD0072,FAC0005,2024-09-04,28353,29937,In Progress,0.032
PO00079,PROD0026,FAC0001,2024-07-18,30552,30000,Delayed,0.034
PO00080,PROD0100,FAC0002,2025-12-24,12443,11489,Delayed,0.018
PO00081,PROD0022,FAC0004,2026-06-22,6786,6325,In Progress,0.034
PO00082,PROD0008,FAC0002,2024-12-06,25759,25126,In Progress,0.007
PO00083,PROD0008,FAC0005,2024-09-24,46968,48028,In Progress,0.014
PO00084,PROD0100,FAC0004,2026-05-25,44337,47411,In Progress,0.003
PO00085,PROD0032,FAC0005,2025-09-30,33381,33927,Completed,0.031
PO00086,PROD0048,FAC0003,2024-12-11,9561,10055,In Progress,0.028
PO00087,PROD0070,FAC0005,2025-01-08,45677,44816,Delayed,0.032
PO00088,PROD0087,FAC0003,2026-05-05,8888,8057,Completed,0.025
PO00089,PROD0014,FAC0005,2025-08-27,30710,31363,Delayed,0.005
PO00090,PROD0100,FAC0003,2025-01-28,49428,54034,Delayed,0.012
PO00091,PROD0058,FAC0005,2025-07-20,45361,42070,In Progress,0.042
PO00092,PROD0029,FAC0001,2024-12-22,30522,33344,Delayed,0.027
PO00093,PROD0004,FAC0001,2024-09-23,42779,46915,In Progress,0.006
PO00094,PROD0005,FAC0005,2025-01-11,39341,42463,In Progress,0.016
PO00095,PROD0020,FAC0001,2025-07-27,31574,30508,In Progress,0.003
PO00096,PROD0059,FAC0002,2024-12-05,21150,20094,In Progress,0.046
PO00097,PROD0090,FAC0002,2025-07-29,36274,35999,Completed,0.007
PO00098,PROD0090,FAC0005,2024-12-27,48764,47135,Delayed,0.036
PO00099,PROD0030,FAC0002,2024-09-02,41781,42706,Completed,0.011
PO00100,PROD0010,FAC0003,2025-08-10,6382,6540,In Progress,0.021
PO00101,PROD0007,FAC0001,2025-01-27,35680,33462,Delayed,0.025
PO00102,PROD0086,FAC0004,2026-06-26,5567,5498,In Progress,0.049
PO00103,PROD0095,FAC0001,2026-06-20,49281,45702,Completed,0.049
PO00104,PROD0039,FAC0002,2024-08-10,23694,22567,Completed,0.035
PO00105,PROD0072,FAC0003,2025-02-02,45849,44177,Completed,0.004
PO00106,PROD0055,FAC0003,2024-10-05,27579,24846,Delayed,0.046
PO00107,PROD0053,FAC0005,2025-11-04,14657,13698,Completed,0.029
PO00108,PROD0090,FAC0001,2025-12-18,20264,22197,In Progress,0.041
PO00109,PROD0083,FAC0004,2025-05-31,46892,47260,In Progress,0.013
PO00110,PROD0047,FAC0002,2024-09-09,10209,10339,Completed,0.009
PO00111,PROD0024,FAC0001,2026-05-26,9582,8776,Delayed,0.024
PO00112,PROD0011,FAC0005,2024-12-07,11213,10646,Delayed,0.029
PO00113,PROD0049,FAC0003,2025-08-20,18303,19945,Delayed,0.026
PO00114,PROD0019,FAC0001,2026-05-30,30267,31807,Delayed,0.002
PO00115,PROD0081,FAC0005,2025-03-31,48239,49731,Completed,0.04
PO00116,PROD0002,FAC0004,2025-05-21,25815,24519,Delayed,0.02
PO00117,PROD0016,FAC0002,2026-02-20,27731,27878,In Progress,0.047
PO00118,PROD0008,FAC0005,2025-02-07,45860,46720,Completed,0.047
PO00119,PROD0094,FAC0005,2024-09-09,10696,11586,Completed,0.007
PO00120,PROD0090,FAC0001,2026-01-16,40418,39561,In Progress,0.04
PO00121,PROD0022,FAC0004,2025-06-30,36730,35501,Delayed,0.04
PO00122,PROD0067,FAC0005,2025-03-17,48893,47484,Completed,0.034
PO00123,PROD0006,FAC0004,2026-05-21,13467,13158,Completed,0.017
PO00124,PROD0089,FAC0002,2026-06-18,26914,28431,In Progress,0.034
PO00125,PROD0021,FAC0005,2026-03-17,47224,43269,Delayed,0.035
PO00126,PROD0045,FAC0003,2026-02-14,23839,22188,Completed,0.036
PO00127,PROD0015,FAC0003,2025-07-05,18714,19410,Completed,0.027
PO00128,PROD0057,FAC0005,2025-02-22,10476,10159,Completed,0.028
PO00129,PROD0011,FAC0004,2025-01-23,49680,52743,In Progress,0.025
PO00130,PROD0008,FAC0001,2026-07-08,9768,10354,Completed,0.047
PO00131,PROD0028,FAC0001,2026-06-17,48985,44107,In Progress,0.016
PO00132,PROD0063,FAC0001,2026-06-18,17173,16556,In Progress,0.009
PO00133,PROD0045,FAC0001,2024-08-13,42969,41102,In Progress,0.005
PO00134,PROD0004,FAC0003,2025-03-25,49230,48464,Delayed,0.027
PO00135,PROD0084,FAC0004,2025-08-14,13395,14058,Delayed,0.019
PO00136,PROD0032,FAC0001,2025-10-15,42567,44254,In Progress,0.016
PO00137,PROD0003,FAC0005,2024-11-19,19761,18733,In Progress,0.016
PO00138,PROD0003,FAC0003,2026-04-12,28357,25798,Delayed,0.006
PO00139,PROD0026,FAC0003,2024-09-03,13081,11791,Completed,0.033
PO00140,PROD0070,FAC0002,2025-03-24,5110,5233,Delayed,0.03
PO00141,PROD0017,FAC0005,2024-12-11,6642,6970,Delayed,0.009
PO00142,PROD0021,FAC0004,2024-10-24,8910,9493,Completed,0.022
PO00143,PROD0038,FAC0002,2024-10-03,34058,32983,In Progress,0.041
PO00144,PROD0035,FAC0004,2026-06-30,36601,35607,Completed,0.02
PO00145,PROD0025,FAC0003,2025-03-16,32826,35881,In Progress,0.049
PO00146,PROD0043,FAC0002,2025-01-03,8486,9247,In Progress,0.013
PO00147,PROD0099,FAC0001,2024-07-25,6872,6547,Delayed,0.005
PO00148,PROD0073,FAC0002,2026-02-01,28060,29519,Completed,0.019
PO00149,PROD0005,FAC0001,2024-09-29,46284,43465,Completed,0.011
PO00150,PROD0035,FAC0005,2025-06-26,43815,40521,In Progress,0.016
PO00151,PROD0098,FAC0003,2026-05-15,29831,32801,Completed,0.005
PO00152,PROD0077,FAC0002,2025-05-04,8571,8121,Completed,0.044
PO00153,PROD0053,FAC0004,2024-10-07,17980,18599,Delayed,0.009
PO00154,PROD0048,FAC0005,2025-02-16,10366,11332,Delayed,0.049
PO00155,PROD0069,FAC0001,2025-07-09,21855,21732,Completed,0.038
PO00156,PROD0084,FAC0002,2024-09-11,39183,38022,In Progress,0.013
PO00157,PROD0087,FAC0002,2026-04-10,21659,23256,In Progress,0.009
PO00158,PROD0027,FAC0001,2024-10-25,26446,24870,In Progress,0.016
PO00159,PROD0023,FAC0004,2025-10-02,10886,11831,In Progress,0.013
PO00160,PROD0069,FAC0004,2025-11-10,23896,23499,Completed,0.033
PO00161,PROD0061,FAC0004,2026-05-04,34726,36377,In Progress,0.047
PO00162,PROD0088,FAC0004,2026-06-15,24033,23792,Completed,0.017
PO00163,PROD0012,FAC0005,2026-03-10,35957,33753,Delayed,0.012
PO00164,PROD0047,FAC0005,2025-09-28,44012,46534,In Progress,0.022
PO00165,PROD0022,FAC0001,2025-04-07,45844,47159,Delayed,0.037
PO00166,PROD0077,FAC0005,2024-12-28,26590,26110,Completed,0.031
PO00167,PROD0002,FAC0001,2025-07-03,40067,41721,Delayed,0.008
PO00168,PROD0093,FAC0004,2025-01-02,48659,52889,Completed,0.04
PO00169,PROD0037,FAC0002,2025-04-27,41005,43219,Completed,0.007
PO00170,PROD0095,FAC0002,2025-02-22,9853,9377,In Progress,0.013
PO00171,PROD0027,FAC0001,2025-03-23,45505,49799,Completed,0.027
PO00172,PROD0041,FAC0004,2025-07-05,11396,11868,Completed,0.035
PO00173,PROD0093,FAC0003,2025-08-29,22639,24123,Completed,0.03
PO00174,PROD0089,FAC0003,2025-03-28,40818,43385,Delayed,0.004
PO00175,PROD0089,FAC0001,2025-07-18,43473,45024,In Progress,0.01
PO00176,PROD0003,FAC0005,2025-09-01,46119,47135,Delayed,0.027
PO00177,PROD0025,FAC0003,2026-04-14,44147,44497,In Progress,0.003
PO00178,PROD0055,FAC0001,2025-04-26,31699,32334,In Progress,0.033
PO00179,PROD0044,FAC0003,2025-04-02,26910,26424,In Progress,0.027
PO00180,PROD0074,FAC0003,2024-12-17,30057,27626,In Progress,0.04
PO00181,PROD0003,FAC0001,2025-02-20,41895,44099,Completed,0.004
PO00182,PROD0042,FAC0005,2026-01-04,19505,18036,Delayed,0.019
PO00183,PROD0021,FAC0002,2024-11-21,19785,21143,Completed,0.045
PO00184,PROD0070,FAC0004,2025-09-18,17446,17178,In Progress,0.022
PO00185,PROD0006,FAC0005,2024-10-11,10579,9827,In Progress,0.046
PO00186,PROD0076,FAC0005,2025-06-28,44996,49486,In Progress,0.045
PO00187,PROD0098,FAC0001,2025-07-03,15393,14961,In Progress,0.031
PO00188,PROD0075,FAC0001,2024-11-03,22700,22185,Delayed,0.009
PO00189,PROD0082,FAC0001,2024-08-04,15842,16398,In Progress,0.005
PO00190,PROD0065,FAC0003,2025-03-12,28325,29645,Delayed,0.016
PO00191,PROD0040,FAC0002,2025-09-13,14367,13056,Delayed,0.039
PO00192,PROD0078,FAC0005,2024-11-18,24015,25477,In Progress,0.035
PO00193,PROD0069,FAC0005,2026-02-16,39377,39360,Completed,0.012
PO00194,PROD0017,FAC0005,2025-08-20,40369,42812,Completed,0.018
PO00195,PROD0086,FAC0004,2025-02-25,18410,19669,Delayed,0.001
PO00196,PROD0016,FAC0004,2024-07-17,31651,30602,In Progress,0.014
PO00197,PROD0093,FAC0001,2025-07-15,33281,35330,In Progress,0.01
PO00198,PROD0036,FAC0005,2025-08-31,35110,37829,Delayed,0.012
PO00199,PROD0040,FAC0003,2025-09-29,39182,40096,In Progress,0.01
PO00200,PROD0073,FAC0002,2025-11-21,39807,36837,Completed,0.001
PO00201,PROD0036,FAC0001,2026-03-31,48030,44182,Completed,0.028
PO00202,PROD0087,FAC0001,2025-05-01,38402,37110,Delayed,0.049
PO00203,PROD0090,FAC0002,2025-11-01,22665,20488,In Progress,0.022
PO00204,PROD0061,FAC0001,2025-11-23,19968,20844,Delayed,0.001
PO00205,PROD0007,FAC0005,2026-03-14,45474,49260,Completed,0.01
PO00206,PROD0059,FAC0005,2025-06-01,45901,50248,Completed,0.003
PO00207,PROD0001,FAC0002,2025-06-19,23220,22606,In Progress,0.044
PO00208,PROD0079,FAC0004,2025-03-04,44400,48643,Completed,0.014
PO00209,PROD0039,FAC0003,2024-09-03,31807,31170,Delayed,0.037
PO00210,PROD0039,FAC0001,2025-11-24,8332,8860,Delayed,0.029
PO00211,PROD0031,FAC0003,2026-05-13,18579,18554,Completed,0.021
PO00212,PROD0024,FAC0004,2025-09-04,5134,5101,In Progress,0.05
PO00213,PROD0047,FAC0005,2025-01-31,26358,25712,Completed,0.026
PO00214,PROD0084,FAC0005,2026-07-11,46913,46003,Completed,0.006
PO00215,PROD0013,FAC0005,2025-11-01,6049,5792,Delayed,0.004
PO00216,PROD0052,FAC0002,2026-05-29,49700,51044,Delayed,0.039
PO00217,PROD0050,FAC0005,2025-08-19,15389,15772,Completed,0.026
PO00218,PROD0051,FAC0003,2026-03-20,10467,10618,Completed,0.04
PO00219,PROD0040,FAC0004,2024-12-06,32594,33366,In Progress,0.023
PO00220,PROD0008,FAC0003,2025-02-01,48380,51365,In Progress,0.04
PO00221,PROD0025,FAC0002,2025-09-01,47501,44949,Delayed,0.029
PO00222,PROD0032,FAC0004,2025-07-02,7773,7358,Completed,0.021
PO00223,PROD0074,FAC0003,2026-03-11,20552,19312,In Progress,0.049
PO00224,PROD0060,FAC0004,2026-05-07,7526,7675,In Progress,0.016
PO00225,PROD0057,FAC0005,2026-06-21,30469,32755,Completed,0.028
PO00226,PROD0046,FAC0004,2026-06-04,37586,34209,In Progress,0.025
PO00227,PROD0003,FAC0003,2024-11-24,27953,27758,Delayed,0.016
PO00228,PROD0088,FAC0002,2026-05-22,17528,16126,Delayed,0.021
PO00229,PROD0040,FAC0003,2026-07-14,31460,31353,Delayed,0.043
PO00230,PROD0067,FAC0005,2024-10-28,49508,45317,In Progress,0.042
PO00231,PROD0067,FAC0003,2026-01-19,24064,24092,Completed,0.014
PO00232,PROD0100,FAC0005,2026-05-22,46829,48020,Completed,0.021
PO00233,PROD0021,FAC0005,2025-08-20,26489,26235,In Progress,0.029
PO00234,PROD0034,FAC0003,2025-02-18,26736,25880,In Progress,0.023
PO00235,PROD0091,FAC0005,2025-01-07,39933,38178,In Progress,0.044
PO00236,PROD0062,FAC0001,2024-10-23,5261,5727,Completed,0.021
PO00237,PROD0097,FAC0003,2025-11-06,14694,15567,Delayed,0.03
PO00238,PROD0030,FAC0002,2025-07-01,36330,39839,In Progress,0.009
PO00239,PROD0065,FAC0004,2025-06-23,30503,30451,In Progress,0.01
PO00240,PROD0048,FAC0003,2025-06-11,7131,7200,Completed,0.049
PO00241,PROD0008,FAC0003,2026-03-17,47272,48731,Completed,0.015
PO00242,PROD0096,FAC0004,2026-01-12,8483,8252,Delayed,0.026
PO00243,PROD0027,FAC0002,2025-01-19,34053,31317,Delayed,0.048
PO00244,PROD0065,FAC0001,2026-05-19,47055,47429,In Progress,0.006
PO00245,PROD0049,FAC0001,2025-07-06,10355,11358,Delayed,0.039
PO00246,PROD0007,FAC0001,2026-02-14,6307,6446,Completed,0.032
PO00247,PROD0096,FAC0003,2026-04-21,18689,18415,Completed,0.017
PO00248,PROD0056,FAC0001,2025-04-19,35802,33525,Completed,0.004
PO00249,PROD0055,FAC0004,2025-11-16,22877,21256,In Progress,0.037
PO00250,PROD0045,FAC0001,2024-11-19,41131,44125,Completed,0.014
PO00251,PROD0049,FAC0002,2024-11-27,31905,34574,In Progress,0.025
PO00252,PROD0002,FAC0005,2026-03-10,30128,29191,In Progress,0.003
PO00253,PROD0045,FAC0003,2024-10-28,44877,40787,Delayed,0.02
PO00254,PROD0078,FAC0005,2026-02-11,29069,26499,Completed,0.04
PO00255,PROD0090,FAC0005,2025-09-23,20135,21822,Completed,0.034
PO00256,PROD0043,FAC0002,2025-06-27,28095,25641,Delayed,0.017
PO00257,PROD0067,FAC0001,2025-12-09,36378,39292,In Progress,0.016
PO00258,PROD0045,FAC0004,2025-12-04,33313,34474,In Progress,0.004
PO00259,PROD0023,FAC0001,2024-11-24,15721,15246,In Progress,0.048
PO00260,PROD0012,FAC0002,2025-02-26,31190,32528,Delayed,0.01
PO00261,PROD0038,FAC0005,2024-10-28,6216,6540,Completed,0.014
PO00262,PROD0031,FAC0001,2026-06-26,6531,6588,Delayed,0.05
PO00263,PROD0073,FAC0002,2024-08-15,17847,17353,Delayed,0.038
PO00264,PROD0028,FAC0003,2024-09-06,20883,20435,In Progress,0.01
PO00265,PROD0046,FAC0004,2025-03-08,39141,37090,In Progress,0.01
PO00266,PROD0053,FAC0001,2026-05-11,45377,41450,Delayed,0.042
PO00267,PROD0089,FAC0001,2026-04-05,37905,40088,Delayed,0.044
PO00268,PROD0004,FAC0003,2026-05-06,38443,36038,Delayed,0.019
PO00269,PROD0082,FAC0002,2025-01-17,8864,9054,Delayed,0.038
PO00270,PROD0077,FAC0001,2025-04-17,9927,9137,In Progress,0.016
PO00271,PROD0063,FAC0002,2025-07-31,14164,13966,Completed,0.05
PO00272,PROD0008,FAC0003,2024-08-19,35274,33106,In Progress,0.041
PO00273,PROD0001,FAC0002,2026-06-16,18706,19027,Delayed,0.044
PO00274,PROD0049,FAC0003,2025-01-05,32037,31993,In Progress,0.047
PO00275,PROD0033,FAC0001,2025-02-22,40818,43910,Delayed,0.022
PO00276,PROD0076,FAC0003,2026-02-28,31678,32844,Delayed,0.036
PO00277,PROD0082,FAC0005,2025-06-13,9126,8335,In Progress,0.015
PO00278,PROD0025,FAC0002,2025-02-11,48637,45327,Completed,0.018
PO00279,PROD0031,FAC0001,2026-02-10,43410,43567,In Progress,0.041
PO00280,PROD0084,FAC0005,2026-07-12,42740,41790,In Progress,0.022
PO00281,PROD0063,FAC0004,2026-01-03,49365,47448,Delayed,0.034
PO00282,PROD0054,FAC0003,2025-12-24,7752,7773,In Progress,0.026
PO00283,PROD0024,FAC0001,2025-02-16,10713,10587,Delayed,0.038
PO00284,PROD0049,FAC0002,2026-04-23,48573,51085,Completed,0.007
PO00285,PROD0070,FAC0001,2024-08-10,37317,33610,Completed,0.017
PO00286,PROD0064,FAC0005,2024-10-29,11190,11334,Completed,0.015
PO00287,PROD0041,FAC0004,2024-12-29,21196,20787,In Progress,0.011
PO00288,PROD0061,FAC0001,2024-08-07,15528,14778,Completed,0.016
PO00289,PROD0069,FAC0003,2025-03-07,40494,39033,Completed,0.009
PO00290,PROD0050,FAC0004,2025-06-13,12303,11123,In Progress,0.023
PO00291,PROD0094,FAC0001,2025-05-02,10239,11209,In Progress,0.031
PO00292,PROD0035,FAC0005,2025-10-26,46401,47498,Delayed,0.036
PO00293,PROD0054,FAC0001,2025-08-10,5660,6051,In Progress,0.009
PO00294,PROD0026,FAC0005,2024-12-07,33467,32002,Completed,0.022
PO00295,PROD0059,FAC0003,2025-03-27,24835,25711,Completed,0.012
PO00296,PROD0032,FAC0002,2025-11-23,16339,15784,Completed,0.005
PO00297,PROD0061,FAC0003,2025-07-18,22098,20259,Completed,0.047
PO00298,PROD0028,FAC0004,2026-04-12,28815,26768,In Progress,0.041
PO00299,PROD0023,FAC0002,2026-04-14,30987,34057,Completed,0.033
PO00300,PROD0034,FAC0001,2026-06-17,35514,35627,Completed,0.028
PO00301,PROD0097,FAC0003,2024-09-19,29054,26598,In Progress,0.027
PO00302,PROD0005,FAC0005,2025-10-15,14038,14916,Delayed,0.042
PO00303,PROD0028,FAC0005,2026-07-12,41840,42183,Completed,0.043
PO00304,PROD0026,FAC0001,2025-01-31,44274,40987,In Progress,0.024
PO00305,PROD0028,FAC0005,2025-09-23,19300,18694,In Progress,0.026
PO00306,PROD0075,FAC0002,2024-09-15,5332,5361,Delayed,0.009
PO00307,PROD0084,FAC0004,2026-01-02,40314,39113,Completed,0.046
PO00308,PROD0083,FAC0002,2025-08-05,9432,9857,Delayed,0.027
PO00309,PROD0053,FAC0003,2024-12-19,6896,6893,Completed,0.029
PO00310,PROD0058,FAC0005,2025-07-16,39197,40278,In Progress,0.009
PO00311,PROD0010,FAC0001,2026-01-29,39298,42567,Completed,0.009
PO00312,PROD0060,FAC0004,2024-10-05,39868,40981,Completed,0.017
PO00313,PROD0062,FAC0002,2026-06-15,40225,38319,In Progress,0.02
PO00314,PROD0099,FAC0004,2025-12-14,8105,8053,Completed,0.008
PO00315,PROD0019,FAC0002,2026-01-23,25043,25064,Completed,0.018
PO00316,PROD0073,FAC0001,2025-02-11,49423,50409,In Progress,0.014
PO00317,PROD0034,FAC0005,2025-05-01,44090,47695,In Progress,0.003
PO00318,PROD0015,FAC0005,2025-01-11,34596,32259,In Progress,0.011
PO00319,PROD0062,FAC0003,2025-12-05,19353,19331,Completed,0.004
PO00320,PROD0086,FAC0001,2024-11-12,13388,12563,Delayed,0.042
PO00321,PROD0053,FAC0004,2025-07-02,28148,27883,Delayed,0.016
PO00322,PROD0003,FAC0005,2024-11-27,19672,19404,Delayed,0.016
PO00323,PROD0097,FAC0005,2025-12-21,11245,10679,Delayed,0.024
PO00324,PROD0026,FAC0003,2024-11-01,49512,53621,Completed,0.04
PO00325,PROD0072,FAC0005,2026-04-08,47536,48329,Delayed,0.025
PO00326,PROD0094,FAC0002,2024-08-21,40170,39994,In Progress,0.001
PO00327,PROD0048,FAC0001,2024-11-06,41965,43728,Delayed,0.016
PO00328,PROD0069,FAC0002,2025-01-16,15708,16977,Delayed,0.006
PO00329,PROD0026,FAC0003,2025-12-12,14080,13792,In Progress,0.043
PO00330,PROD0029,FAC0005,2026-05-22,15802,16367,Delayed,0.033
PO00331,PROD0038,FAC0002,2026-04-20,7611,7447,In Progress,0.009
PO00332,PROD0010,FAC0002,2026-02-26,47239,46770,Delayed,0.04
PO00333,PROD0051,FAC0005,2026-02-24,9375,8988,Completed,0.023
PO00334,PROD0032,FAC0001,2025-05-02,10741,10728,Completed,0.012
PO00335,PROD0060,FAC0002,2025-09-29,42458,43763,Delayed,0.002
PO00336,PROD0017,FAC0002,2024-11-11,33209,31023,Completed,0.031
PO00337,PROD0080,FAC0005,2026-04-24,26531,28040,Completed,0.005
PO00338,PROD0029,FAC0002,2025-07-11,7665,7532,Completed,0.039
PO00339,PROD0100,FAC0002,2025-05-20,35248,33062,In Progress,0.01
PO00340,PROD0032,FAC0003,2025-09-27,19009,19491,In Progress,0.013
PO00341,PROD0029,FAC0005,2025-10-20,15581,16261,Completed,0.043
PO00342,PROD0062,FAC0002,2026-05-08,33674,31639,Delayed,0.025
PO00343,PROD0035,FAC0001,2025-01-30,48687,46242,Delayed,0.027
PO00344,PROD0056,FAC0002,2026-05-30,30648,33532,Completed,0.036
PO00345,PROD0095,FAC0002,2025-04-04,16433,17875,In Progress,0.003
PO00346,PROD0016,FAC0005,2025-04-11,41019,42258,Completed,0.043
PO00347,PROD0009,FAC0005,2025-07-15,46797,49189,Delayed,0.029
PO00348,PROD0014,FAC0001,2025-11-07,20045,19220,Delayed,0.045
PO00349,PROD0093,FAC0004,2024-10-29,28836,28687,In Progress,0.01
PO00350,PROD0003,FAC0005,2026-06-04,22176,21775,Completed,0.02
PO00351,PROD0072,FAC0003,2025-04-20,17699,16289,Completed,0.031
PO00352,PROD0097,FAC0004,2024-08-09,11505,10748,In Progress,0.002
PO00353,PROD0070,FAC0003,2025-09-25,32557,30310,In Progress,0.005
PO00354,PROD0098,FAC0002,2025-01-18,44644,41493,Completed,0.01
PO00355,PROD0054,FAC0005,2026-06-12,6007,5897,In Progress,0.003
PO00356,PROD0060,FAC0005,2025-05-05,48439,50458,In Progress,0.038
PO00357,PROD0077,FAC0002,2025-06-25,15991,16302,In Progress,0.022
PO00358,PROD0027,FAC0004,2024-12-03,39821,37249,In Progress,0.03
PO00359,PROD0008,FAC0001,2024-09-24,38046,36067,Delayed,0.013
PO00360,PROD0077,FAC0003,2025-06-04,20143,21756,Delayed,0.026
PO00361,PROD0033,FAC0004,2026-02-11,7350,7878,Completed,0.037
PO00362,PROD0010,FAC0005,2025-03-10,33355,32003,Delayed,0.041
PO00363,PROD0028,FAC0005,2026-01-15,21111,19713,In Progress,0.035
PO00364,PROD0041,FAC0005,2025-05-19,15163,14887,Completed,0.012
PO00365,PROD0081,FAC0003,2026-06-20,9738,10007,Completed,0.033
PO00366,PROD0038,FAC0005,2025-02-12,11972,13122,In Progress,0.032
PO00367,PROD0050,FAC0001,2026-01-02,8267,8005,Completed,0.03
PO00368,PROD0072,FAC0002,2025-08-30,24806,25718,In Progress,0.003
PO00369,PROD0073,FAC0001,2025-09-17,36371,37558,Delayed,0.03
PO00370,PROD0037,FAC0001,2025-07-28,24974,24470,Completed,0.009
PO00371,PROD0028,FAC0004,2025-09-10,38440,40869,Delayed,0.013
PO00372,PROD0092,FAC0001,2026-02-20,7168,7228,In Progress,0.009
PO00373,PROD0032,FAC0004,2024-07-24,9868,9947,Completed,0.041
PO00374,PROD0044,FAC0005,2025-06-18,33862,35691,In Progress,0.028
PO00375,PROD0046,FAC0002,2026-01-29,21893,20966,Completed,0.038
PO00376,PROD0075,FAC0005,2025-06-03,44628,43937,Delayed,0.028
PO00377,PROD0021,FAC0001,2026-01-17,29655,28297,In Progress,0.037
PO00378,PROD0068,FAC0001,2024-11-07,31112,32073,In Progress,0.028
PO00379,PROD0091,FAC0003,2026-04-13,24548,26195,Delayed,0.012
PO00380,PROD0094,FAC0003,2024-12-05,19658,21400,Delayed,0.038
PO00381,PROD0030,FAC0004,2026-04-10,48084,47294,Completed,0.049
PO00382,PROD0088,FAC0003,2024-08-07,32162,35020,In Progress,0.012
PO00383,PROD0079,FAC0004,2025-03-26,32832,34373,In Progress,0.035
PO00384,PROD0029,FAC0001,2026-05-11,33030,33151,In Progress,0.037
PO00385,PROD0089,FAC0001,2024-10-27,30836,31576,In Progress,0.026
PO00386,PROD0099,FAC0003,2026-02-19,19561,18892,Delayed,0.025
PO00387,PROD0022,FAC0003,2025-09-18,44709,48295,Delayed,0.02
PO00388,PROD0014,FAC0002,2026-02-19,41662,40467,In Progress,0.023
PO00389,PROD0077,FAC0002,2025-09-01,47751,51977,In Progress,0.023
PO00390,PROD0055,FAC0001,2026-03-26,33803,30861,Delayed,0.018
PO00391,PROD0060,FAC0003,2024-12-21,34917,34856,Completed,0.003
PO00392,PROD0008,FAC0003,2025-04-19,17010,17290,In Progress,0.018
PO00393,PROD0031,FAC0004,2024-11-26,34069,33315,In Progress,0.005
PO00394,PROD0094,FAC0005,2025-05-31,20962,19600,Delayed,0.026
PO00395,PROD0088,FAC0002,2026-02-23,13237,13414,Completed,0.031
PO00396,PROD0013,FAC0005,2026-01-25,21216,20898,Delayed,0.043
PO00397,PROD0009,FAC0005,2024-09-08,32692,29664,In Progress,0.009
PO00398,PROD0059,FAC0004,2026-05-07,45025,47792,Delayed,0.034
PO00399,PROD0082,FAC0001,2024-08-12,11528,11452,Delayed,0.014
PO00400,PROD0054,FAC0005,2025-11-18,27909,28411,Delayed,0.019
PO00401,PROD0031,FAC0003,2026-04-23,38331,38606,Delayed,0.003
PO00402,PROD0100,FAC0005,2026-04-08,6361,6555,In Progress,0.025
PO00403,PROD0093,FAC0003,2025-10-02,34577,33912,Delayed,0.012
PO00404,PROD0087,FAC0003,2025-09-25,43788,41401,Completed,0.023
PO00405,PROD0063,FAC0001,2025-01-20,23631,24886,Delayed,0.024
PO00406,PROD0015,FAC0005,2025-02-23,11680,12649,Completed,0.005
PO00407,PROD0091,FAC0005,2024-11-21,41357,45119,Completed,0.027
PO00408,PROD0049,FAC0005,2025-03-05,25828,28138,In Progress,0.008
PO00409,PROD0061,FAC0004,2024-08-13,46492,48125,Completed,0.031
PO00410,PROD0020,FAC0004,2025-06-02,47529,46208,Delayed,0.048
PO00411,PROD0068,FAC0004,2026-06-16,7032,7020,Delayed,0.045
PO00412,PROD0029,FAC0001,2026-01-16,42327,45291,Delayed,0.003
PO00413,PROD0019,FAC0001,2024-07-27,46855,48756,Completed,0.041
PO00414,PROD0018,FAC0005,2025-10-23,25695,28209,Delayed,0.001
PO00415,PROD0070,FAC0005,2026-04-09,21029,21959,Completed,0.049
PO00416,PROD0030,FAC0003,2026-05-02,33501,34814,Delayed,0.002
PO00417,PROD0085,FAC0005,2026-06-30,49510,48734,In Progress,0.048
PO00418,PROD0004,FAC0001,2025-07-31,32760,33788,In Progress,0.048
PO00419,PROD0059,FAC0005,2024-11-08,29704,27785,In Progress,0.027
PO00420,PROD0085,FAC0004,2025-06-30,6834,6903,Completed,0.001
PO00421,PROD0022,FAC0004,2025-11-19,35672,34878,In Progress,0.015
PO00422,PROD0087,FAC0001,2024-07-19,19446,18942,Completed,0.026
PO00423,PROD0002,FAC0002,2025-03-28,23181,22208,Delayed,0.018
PO00424,PROD0013,FAC0005,2024-07-24,35198,36600,Delayed,0.041
PO00425,PROD0055,FAC0002,2025-06-24,5338,5582,In Progress,0.026
PO00426,PROD0091,FAC0005,2026-04-17,14168,14073,Delayed,0.04
PO00427,PROD0090,FAC0004,2025-12-13,38743,36279,In Progress,0.006
PO00428,PROD0092,FAC0003,2025-12-22,24213,24054,Delayed,0.017
PO00429,PROD0032,FAC0005,2026-05-27,23553,22368,Delayed,0.04
PO00430,PROD0058,FAC0002,2026-06-21,28289,29142,Delayed,0.022
PO00431,PROD0071,FAC0001,2026-03-15,19820,20965,Completed,0.012
PO00432,PROD0014,FAC0002,2025-01-24,14197,15334,Completed,0.017
PO00433,PROD0059,FAC0005,2026-05-22,40087,38724,Completed,0.002
PO00434,PROD0044,FAC0003,2024-12-11,47114,43999,Completed,0.029
PO00435,PROD0065,FAC0004,2025-12-12,7310,7754,Completed,0.025
PO00436,PROD0057,FAC0004,2025-06-13,47375,46259,In Progress,0.048
PO00437,PROD0065,FAC0004,2026-02-18,44321,45452,In Progress,0.047
PO00438,PROD0045,FAC0002,2025-03-06,21328,22585,In Progress,0.032
PO00439,PROD0003,FAC0005,2024-11-01,23421,21256,Delayed,0.006
PO00440,PROD0066,FAC0002,2025-12-31,41738,42692,Completed,0.044
PO00441,PROD0065,FAC0003,2025-07-17,16818,18209,Completed,0.036
PO00442,PROD0075,FAC0004,2026-04-19,26323,27203,Delayed,0.036
PO00443,PROD0026,FAC0001,2025-07-24,14726,13710,In Progress,0.023
PO00444,PROD0067,FAC0005,2024-10-23,18837,19320,Delayed,0.034
PO00445,PROD0047,FAC0001,2026-05-18,32461,30364,Delayed,0.027
PO00446,PROD0073,FAC0004,2024-12-23,37697,40189,In Progress,0.006
PO00447,PROD0074,FAC0003,2025-08-09,19025,19179,Completed,0.031
PO00448,PROD0058,FAC0001,2024-07-14,28845,27102,Completed,0.035
PO00449,PROD0084,FAC0001,2025-11-14,29913,27954,Completed,0.043
PO00450,PROD0018,FAC0004,2025-05-06,19920,18863,Completed,0.05
PO00451,PROD0061,FAC0001,2025-06-23,47272,43438,Delayed,0.012
PO00452,PROD0023,FAC0003,2025-03-18,23502,21219,In Progress,0.03
PO00453,PROD0042,FAC0004,2025-11-14,39932,40276,Completed,0.003
PO00454,PROD0054,FAC0002,2025-09-21,11077,10991,Completed,0.04
PO00455,PROD0004,FAC0002,2025-01-01,20932,20378,Delayed,0.045
PO00456,PROD0054,FAC0005,2025-10-02,12023,11988,Delayed,0.014
PO00457,PROD0024,FAC0005,2025-10-02,21861,23096,Completed,0.002
PO00458,PROD0015,FAC0005,2025-11-27,45606,48817,Completed,0.01
PO00459,PROD0051,FAC0004,2025-02-05,8503,8541,Completed,0.019
PO00460,PROD0073,FAC0002,2025-08-30,20733,19922,Delayed,0.012
PO00461,PROD0001,FAC0001,2025-04-09,47904,45055,Completed,0.003
PO00462,PROD0016,FAC0003,2025-08-06,33238,32126,Completed,0.038
PO00463,PROD0019,FAC0001,2025-08-11,14524,14785,Delayed,0.046
PO00464,PROD0031,FAC0001,2026-06-06,37577,40176,Delayed,0.003
PO00465,PROD0066,FAC0001,2025-05-12,49844,51101,Delayed,0.049
PO00466,PROD0063,FAC0001,2026-07-11,36954,39080,Completed,0.004
PO00467,PROD0060,FAC0002,2025-04-07,38730,40717,Completed,0.045
PO00468,PROD0010,FAC0004,2025-10-16,5552,5197,Completed,0.03
PO00469,PROD0055,FAC0001,2026-01-11,16383,15678,Delayed,0.035
PO00470,PROD0046,FAC0003,2024-12-28,7536,7765,Delayed,0.042
PO00471,PROD0035,FAC0004,2024-08-16,14530,13613,In Progress,0.005
PO00472,PROD0015,FAC0005,2026-01-25,29481,27364,In Progress,0.049
PO00473,PROD0039,FAC0003,2025-04-29,33699,33015,In Progress,0.029
PO00474,PROD0047,FAC0002,2025-08-11,9675,10421,Completed,0.002
PO00475,PROD0081,FAC0001,2025-10-08,6512,6981,Delayed,0.02
PO00476,PROD0050,FAC0003,2026-04-17,15081,14904,Completed,0.03
PO00477,PROD0083,FAC0004,2024-09-28,15133,15590,Completed,0.047
PO00478,PROD0026,FAC0005,2024-11-18,23864,25895,In Progress,0.025
PO00479,PROD0068,FAC0001,2024-08-01,9606,8781,Delayed,0.03
PO00480,PROD0001,FAC0003,2024-10-01,37252,36701,Delayed,0.028
PO00481,PROD0012,FAC0004,2024-08-11,41519,38604,In Progress,0.038
PO00482,PROD0023,FAC0003,2024-11-23,27074,29250,In Progress,0.012
PO00483,PROD0056,FAC0003,2025-04-30,16778,17494,In Progress,0.014
PO00484,PROD0070,FAC0003,2026-01-09,23827,22280,Completed,0.05
PO00485,PROD0019,FAC0004,2026-01-08,26487,29130,In Progress,0.022
PO00486,PROD0060,FAC0001,2025-08-20,18632,16903,Delayed,0.041
PO00487,PROD0061,FAC0002,2026-05-01,44465,43395,Completed,0.026
PO00488,PROD0028,FAC0002,2026-03-02,8262,8413,Completed,0.047
PO00489,PROD0010,FAC0003,2025-03-24,31126,31347,In Progress,0.017
PO00490,PROD0099,FAC0003,2024-10-09,19095,19997,Delayed,0.034
PO00491,PROD0096,FAC0002,2025-07-18,30211,30333,In Progress,0.015
PO00492,PROD0059,FAC0003,2024-10-30,34896,32519,Delayed,0.049
PO00493,PROD0028,FAC0001,2025-05-27,44067,47047,Completed,0.006
PO00494,PROD0024,FAC0002,2026-03-16,30164,30414,In Progress,0.024
PO00495,PROD0090,FAC0005,2026-01-30,27266,29496,In Progress,0.013
PO00496,PROD0082,FAC0005,2025-10-12,16669,15051,In Progress,0.02
PO00497,PROD0018,FAC0005,2026-03-29,17332,16578,Delayed,0.029
PO00498,PROD0093,FAC0004,2025-06-26,39575,42740,In Progress,0.003
PO00499,PROD0074,FAC0003,2025-05-12,18028,17603,Completed,0.008
PO00500,PROD0085,FAC0002,2025-08-20,21740,21736,In Progress,0.006
